<?xml version="1.0" encoding="UTF-8"?>
<payment-settings xmlns="http://www.demandware.com/xml/impex/paymentsettings/2009-09-15">

    <payment-method method-id="PayPal">
        <name xml:lang="x-default">Pay Pal</name>
        <name xml:lang="fr-FR">Pay Pal</name>
        <name xml:lang="it-IT">PayPal</name>
        <name xml:lang="ja-JP">PayPal</name>
        <name xml:lang="zh-CN">PayPal</name>
        <enabled-flag>false</enabled-flag>
        <processor-id>PAYPAL_EXPRESS</processor-id>
    </payment-method>

    <payment-method method-id="CREDIT_CARD">
        <name xml:lang="x-default">Credit Card</name>
        <name xml:lang="fr-FR">Carte de crédit</name>
        <name xml:lang="es-ES">Targeta de credito</name>
        <enabled-flag>true</enabled-flag>
        <processor-id>INGENICO_CREDIT</processor-id>
    </payment-method>

    <payment-method method-id="HostedCreditCard">
        <name xml:lang="x-default">Credit Card</name>
        <name xml:lang="fr-FR">Carte de crédit</name>
        <name xml:lang="es-ES">Targeta de credito</name>
        <enabled-flag>false</enabled-flag>
        <processor-id>INGENICO_HOSTED</processor-id>
    </payment-method>

    <payment-method method-id="HostedPayPal">
        <name xml:lang="x-default">Paypal</name>
        <name xml:lang="fr-FR">PayPal</name>
        <name xml:lang="es-ES">PayPal</name>
        <enabled-flag>true</enabled-flag>
        <processor-id>INGENICO_HOSTED</processor-id>
    </payment-method>

    <payment-method method-id="HostediDeal">
        <name xml:lang="x-default">iDeal</name>
        <name xml:lang="nl-NL">iDeals</name>
        <enabled-flag>false</enabled-flag>
        <processor-id>INGENICO_HOSTED</processor-id>
    </payment-method>

    <payment-method method-id="HostedOther">
        <name xml:lang="x-default">Other (Can select after order is reserved)</name>
        <name xml:lang="fr-FR">Autre (peut choisir après que la commande soit réservée)</name>
        <name xml:lang="es-ES">Otro (puede seleccionar después de reservar el pedido)</name>
        <enabled-flag>true</enabled-flag>
        <processor-id>INGENICO_HOSTED</processor-id>
    </payment-method>


    <payment-card card-type="Master">
        <name xml:lang="x-default">Master Card</name>
        <name xml:lang="fr-FR">Master Card</name>
        <name xml:lang="it-IT">Master Card</name>
        <name xml:lang="ja-JP">Master Card</name>
        <name xml:lang="zh-CN">Master Card（万事达卡）</name>
        <enabled-flag>false</enabled-flag>
        <card-number-settings>
            <enable-checksum-verification>true</enable-checksum-verification>
            <number-length>
                <length>16</length>
            </number-length>
            <number-prefix>
                <prefix>51-55</prefix>
            </number-prefix>
        </card-number-settings>
        <security-code-length>3</security-code-length>
    </payment-card>

    <payment-card card-type="Visa">
        <name xml:lang="x-default">Visa</name>
        <name xml:lang="fr-FR">Visa</name>
        <name xml:lang="it-IT">Visa</name>
        <name xml:lang="ja-JP">Visa</name>
        <name xml:lang="zh-CN">Visa</name>
        <enabled-flag>false</enabled-flag>
        <card-number-settings>
            <enable-checksum-verification>true</enable-checksum-verification>
            <number-length>
                <length>13</length>
                <length>16</length>
            </number-length>
            <number-prefix>
                <prefix>4</prefix>
            </number-prefix>
        </card-number-settings>
        <security-code-length>3</security-code-length>
    </payment-card>

    <payment-card card-type="Amex">
        <name xml:lang="x-default">American Express</name>
        <name xml:lang="fr-FR">American Express</name>
        <name xml:lang="it-IT">American Express</name>
        <name xml:lang="ja-JP">American Express</name>
        <name xml:lang="zh-CN">American Express（美国运通卡）</name>
        <enabled-flag>false</enabled-flag>
        <card-number-settings>
            <enable-checksum-verification>true</enable-checksum-verification>
            <number-length>
                <length>15</length>
            </number-length>
            <number-prefix>
                <prefix>34</prefix>
                <prefix>37</prefix>
            </number-prefix>
        </card-number-settings>
        <security-code-length>4</security-code-length>
    </payment-card>

    <payment-card card-type="Master Card">
        <name xml:lang="x-default">MasterCard</name>
        <name xml:lang="fr-FR">MasterCard</name>
        <name xml:lang="it-IT">MasterCard</name>
        <name xml:lang="ja-JP">MasterCard</name>
        <name xml:lang="zh-CN">MASTERCARD</name>
        <enabled-flag>false</enabled-flag>
        <card-number-settings>
            <enable-checksum-verification>true</enable-checksum-verification>
            <number-length>
                <length>16</length>
            </number-length>
            <number-prefix>
                <prefix>51-55</prefix>
            </number-prefix>
        </card-number-settings>
        <security-code-length>3</security-code-length>
    </payment-card>

    <payment-card card-type="Discover">
        <name xml:lang="x-default">Discover</name>
        <name xml:lang="fr-FR">Discover</name>
        <name xml:lang="it-IT">Discover</name>
        <name xml:lang="ja-JP">Discover</name>
        <name xml:lang="zh-CN">Discover</name>
        <enabled-flag>false</enabled-flag>
        <card-number-settings>
            <enable-checksum-verification>true</enable-checksum-verification>
            <number-length>
                <length>16</length>
            </number-length>
            <number-prefix>
                <prefix>6011</prefix>
                <prefix>622126-622925</prefix>
                <prefix>644-649</prefix>
                <prefix>65</prefix>
            </number-prefix>
        </card-number-settings>
        <security-code-length>3</security-code-length>
        <countries>
            <country country-code="US" />
        </countries>
    </payment-card>

    <payment-card card-type="DinersClub">
        <name xml:lang="x-default">Diners Club International</name>
        <name xml:lang="fr-FR">Diners Club International</name>
        <name xml:lang="it-IT">Diners Club International</name>
        <name xml:lang="ja-JP">Diners Club International</name>
        <name xml:lang="zh-CN">Diners Club（大莱卡）</name>
        <enabled-flag>false</enabled-flag>
        <card-number-settings>
            <enable-checksum-verification>true</enable-checksum-verification>
            <number-length>
                <length>14</length>
            </number-length>
            <number-prefix>
                <prefix>30</prefix>
                <prefix>36</prefix>
                <prefix>38</prefix>
            </number-prefix>
        </card-number-settings>
        <security-code-length>3</security-code-length>
    </payment-card>

    <payment-card card-type="3004">
        <name xml:lang="x-default">A.T.U-Card</name>
        <enabled-flag>false</enabled-flag>
        <card-number-settings>
            <enable-checksum-verification>false</enable-checksum-verification>
        </card-number-settings>
    </payment-card>
    <payment-card card-type="3002">
        <name xml:lang="x-default">Accor Business Account</name>
        <enabled-flag>false</enabled-flag>
        <card-number-settings>
            <enable-checksum-verification>false</enable-checksum-verification>
        </card-number-settings>
    </payment-card>
    <payment-card card-type="2">
        <name xml:lang="x-default">American Express</name>
        <enabled-flag>true</enabled-flag>
        <card-number-settings>
            <enable-checksum-verification>false</enable-checksum-verification>
        </card-number-settings>
        <security-code-length>4</security-code-length>
    </payment-card>
    <payment-card card-type="140">
        <name xml:lang="x-default">Argencard</name>
        <enabled-flag>false</enabled-flag>
        <card-number-settings>
            <enable-checksum-verification>false</enable-checksum-verification>
        </card-number-settings>
    </payment-card>
    <payment-card card-type="146">
        <name xml:lang="x-default">Aura</name>
        <enabled-flag>false</enabled-flag>
        <card-number-settings>
            <enable-checksum-verification>false</enable-checksum-verification>
        </card-number-settings>
    </payment-card>
    <payment-card card-type="3004">
        <name xml:lang="x-default">Bancontact</name>
        <enabled-flag>false</enabled-flag>
        <card-number-settings>
            <enable-checksum-verification>false</enable-checksum-verification>
        </card-number-settings>
    </payment-card>
    <payment-card card-type="135">
        <name xml:lang="x-default">Cabal</name>
        <enabled-flag>false</enabled-flag>
        <card-number-settings>
            <enable-checksum-verification>false</enable-checksum-verification>
        </card-number-settings>
    </payment-card>
    <payment-card card-type="130">
        <name xml:lang="x-default">Carte Bancaire</name>
        <enabled-flag>false</enabled-flag>
        <card-number-settings>
            <enable-checksum-verification>false</enable-checksum-verification>
        </card-number-settings>
    </payment-card>
    <payment-card card-type="141">
        <name xml:lang="x-default">Consumax</name>
        <enabled-flag>false</enabled-flag>
        <card-number-settings>
            <enable-checksum-verification>false</enable-checksum-verification>
        </card-number-settings>
    </payment-card>
    <payment-card card-type="123">
        <name xml:lang="x-default">Dankort</name>
        <enabled-flag>false</enabled-flag>
        <card-number-settings>
            <enable-checksum-verification>false</enable-checksum-verification>
        </card-number-settings>
    </payment-card>
    <payment-card card-type="132">
        <name xml:lang="x-default">Diners Club</name>
        <enabled-flag>false</enabled-flag>
        <card-number-settings>
            <enable-checksum-verification>false</enable-checksum-verification>
        </card-number-settings>
        <security-code-length>3</security-code-length>
    </payment-card>
    <payment-card card-type="128">
        <name xml:lang="x-default">Discover</name>
        <enabled-flag>false</enabled-flag>
        <card-number-settings>
            <enable-checksum-verification>false</enable-checksum-verification>
        </card-number-settings>
        <security-code-length>3</security-code-length>
    </payment-card>
    <payment-card card-type="147">
        <name xml:lang="x-default">ELO</name>
        <enabled-flag>false</enabled-flag>
        <card-number-settings>
            <enable-checksum-verification>false</enable-checksum-verification>
        </card-number-settings>
    </payment-card>
    <payment-card card-type="148">
        <name xml:lang="x-default">Hipercard</name>
        <enabled-flag>false</enabled-flag>
        <card-number-settings>
            <enable-checksum-verification>false</enable-checksum-verification>
        </card-number-settings>
    </payment-card>
    <payment-card card-type="139">
        <name xml:lang="x-default">Italcred</name>
        <enabled-flag>false</enabled-flag>
        <card-number-settings>
            <enable-checksum-verification>false</enable-checksum-verification>
        </card-number-settings>
    </payment-card>
    <payment-card card-type="125">
        <name xml:lang="x-default">JCB</name>
        <enabled-flag>false</enabled-flag>
        <card-number-settings>
            <enable-checksum-verification>false</enable-checksum-verification>
        </card-number-settings>
    </payment-card>
    <payment-card card-type="117">
        <name xml:lang="x-default">Maestro</name>
        <enabled-flag>true</enabled-flag>
        <card-number-settings>
            <enable-checksum-verification>false</enable-checksum-verification>
        </card-number-settings>
        <security-code-length>3</security-code-length>
    </payment-card>
    <payment-card card-type="142">
        <name xml:lang="x-default">Mas</name>
        <enabled-flag>false</enabled-flag>
        <card-number-settings>
            <enable-checksum-verification>false</enable-checksum-verification>
        </card-number-settings>
    </payment-card>
    <payment-card card-type="3">
        <name xml:lang="x-default">MasterCard</name>
        <enabled-flag>true</enabled-flag>
        <card-number-settings>
            <enable-checksum-verification>false</enable-checksum-verification>
        </card-number-settings>
        <security-code-length>3</security-code-length>
    </payment-card>
    <payment-card card-type="119">
        <name xml:lang="x-default">MasterCard Debit</name>
        <enabled-flag>true</enabled-flag>
        <card-number-settings>
            <enable-checksum-verification>false</enable-checksum-verification>
        </card-number-settings>
        <security-code-length>3</security-code-length>
    </payment-card>
    <payment-card card-type="136">
        <name xml:lang="x-default">Naranja</name>
        <enabled-flag>false</enabled-flag>
        <card-number-settings>
            <enable-checksum-verification>false</enable-checksum-verification>
        </card-number-settings>
    </payment-card>
    <payment-card card-type="145">
        <name xml:lang="x-default">Nativa</name>
        <enabled-flag>false</enabled-flag>
        <card-number-settings>
            <enable-checksum-verification>false</enable-checksum-verification>
        </card-number-settings>
    </payment-card>
    <payment-card card-type="137">
        <name xml:lang="x-default">Nevada</name>
        <enabled-flag>false</enabled-flag>
        <card-number-settings>
            <enable-checksum-verification>false</enable-checksum-verification>
        </card-number-settings>
    </payment-card>
    <payment-card card-type="144">
        <name xml:lang="x-default">Pyme Nacion</name>
        <enabled-flag>false</enabled-flag>
        <card-number-settings>
            <enable-checksum-verification>false</enable-checksum-verification>
        </card-number-settings>
    </payment-card>
    <payment-card card-type="149">
        <name xml:lang="x-default">Tarjeta Shopping</name>
        <enabled-flag>false</enabled-flag>
        <card-number-settings>
            <enable-checksum-verification>false</enable-checksum-verification>
        </card-number-settings>
    </payment-card>
    <payment-card card-type="1">
        <name xml:lang="x-default">Visa</name>
        <enabled-flag>true</enabled-flag>
        <card-number-settings>
            <enable-checksum-verification>false</enable-checksum-verification>
        </card-number-settings>
        <security-code-length>3</security-code-length>
    </payment-card>
    <payment-card card-type="114">
        <name xml:lang="x-default">Visa Debit</name>
        <enabled-flag>true</enabled-flag>
        <card-number-settings>
            <enable-checksum-verification>false</enable-checksum-verification>
        </card-number-settings>
        <security-code-length>3</security-code-length>
    </payment-card>
    <payment-card card-type="122">
        <name xml:lang="x-default">Visa Electron</name>
        <enabled-flag>true</enabled-flag>
        <card-number-settings>
            <enable-checksum-verification>false</enable-checksum-verification>
        </card-number-settings>
        <security-code-length>3</security-code-length>
    </payment-card>
</payment-settings>